model,target,rmse,mae
xgboost,price_diff,2.226345701273516,1.6624995337940112
